{"Presets":{"Another Blue":{"a":1.0,"b":1.0,"g":0.012903213500976563,"r":0.0},"BLue":{"a":1.0,"b":0.6666666269302368,"g":0.4494854211807251,"r":0.21256035566329956},"Blend":{"FirstColor":{"a":1.0,"b":1.0,"g":0.5217397212982178,"r":0.0},"Interpolate":0.3569999933242798,"SecondColor":{"a":1.0,"b":0.0,"g":1.0,"r":0.7333333492279053}},"Blue":{"a":1.0,"b":1.0,"g":0.5217397212982178,"r":0.0},"EOEOOEOEOEOE":{"a":1.0,"b":0.35344865918159485,"g":0.35344865918159485,"r":0.415730357170105},"Eyooo":{"a":1.0,"b":0.5284603238105774,"g":0.21256035566329956,"r":0.6666666269302368},"Eyoooo":{"a":1.0,"b":0.0,"g":0.0,"r":1.0},"Green":{"a":1.0,"b":0.2731077969074249,"g":0.6666666269302368,"r":0.21256035566329956},"Preset0":{"a":1.0,"b":0.7833333015441895,"g":0.40869608521461487,"r":0.0},"Preset0 (blend)":{"a":1.0,"b":0.6666666269302368,"g":0.4494854211807251,"r":0.21256035566329956},"Preset1":{"a":1.0,"b":0.19999998807907104,"g":0.169178768992424,"r":0.13555555045604706},"Preset10 (blend)":{"a":1.0,"b":1.0,"g":0.012903213500976563,"r":0.0},"Preset11 (blend)":{"a":1.0,"b":1.0,"g":0.012903213500976563,"r":0.0},"Preset12 (blend)":{"a":1.0,"b":1.0,"g":0.012903213500976563,"r":0.0},"Preset13 (blend)":{"a":1.0,"b":1.0,"g":0.012903213500976563,"r":0.0},"Preset14 (blend)":{"a":1.0,"b":1.0,"g":0.012903213500976563,"r":0.0},"Preset15 (blend)":{"a":1.0,"b":1.0,"g":0.012903213500976563,"r":0.0},"Preset16 (blend)":{"a":1.0,"b":1.0,"g":0.012903213500976563,"r":0.0},"Preset17 (blend)":{"a":1.0,"b":1.0,"g":0.012903213500976563,"r":0.0},"Preset18 (blend)":{"a":1.0,"b":1.0,"g":0.012903213500976563,"r":0.0},"Preset19 (blend)":{"a":1.0,"b":1.0,"g":0.012903213500976563,"r":0.0},"Preset2":{"a":1.0,"b":0.2734082341194153,"g":0.2734082341194153,"r":0.2734082341194153},"Preset2 (blend)":{"FirstColor":{"a":1.0,"b":1.0,"g":0.5217397212982178,"r":0.0},"SecondColor":{"a":1.0,"b":0.0,"g":0.0,"r":1.0},"a":1.0,"b":0.0,"g":0.0,"r":1.0},"Preset20 (blend)":{"a":1.0,"b":1.0,"g":0.012903213500976563,"r":0.0},"Preset3":{"a":1.0,"b":0.5284603238105774,"g":0.21256035566329956,"r":0.6666666269302368},"Preset3 (blend)":{"FirstColor":{"a":1.0,"b":0.6666666269302368,"g":0.4494854211807251,"r":0.21256035566329956},"SecondColor":{"a":1.0,"b":0.21256035566329956,"g":0.21256035566329956,"r":0.6666666269302368},"a":1.0,"b":1.0,"g":0.012903213500976563,"r":0.0},"Preset4":{"a":1.0,"b":0.2734082341194153,"g":0.2734082341194153,"r":0.2734082341194153},"Preset4 (blend)":{"a":1.0,"b":0.5284603238105774,"g":0.21256035566329956,"r":0.6666666269302368},"Preset5":{"a":1.0,"b":0.0,"g":1.0,"r":0.2967742681503296},"Preset5 (blend)":{"a":1.0,"b":1.0,"g":0.012903213500976563,"r":0.0},"Preset6 (blend)":{"a":1.0,"b":1.0,"g":0.012903213500976563,"r":0.0},"Preset7 (blend)":{"a":1.0,"b":1.0,"g":0.012903213500976563,"r":0.0},"Preset8 (blend)":{"a":1.0,"b":1.0,"g":0.012903213500976563,"r":0.0},"Preset9 (blend)":{"a":1.0,"b":1.0,"g":0.012903213500976563,"r":0.0},"REd":{"a":1.0,"b":0.0,"g":0.0,"r":1.0},"Red":{"a":1.0,"b":0.21256035566329956,"g":0.21256035566329956,"r":0.6666666269302368},"YOOOO":{"a":1.0,"b":0.0,"g":0.0,"r":1.0},"Yooooo":{"a":1.0,"b":1.0,"g":0.5217397212982178,"r":0.0},"blue":{"a":1.0,"b":1.0,"g":0.5217397212982178,"r":0.0},"eyoo":{"a":1.0,"b":0.2734082341194153,"g":0.2734082341194153,"r":0.2734082341194153},"eyooo":{"a":1.0,"b":0.695652186870575,"g":0.4859047532081604,"r":0.257088840007782},"kek":{"a":1.0,"b":0.0,"g":1.0,"r":0.7333333492279053},"siiiick":{"a":1.0,"b":0.2734082341194153,"g":0.2734082341194153,"r":0.2734082341194153},"uuu":{"a":1.0,"b":1.0,"g":0.5217397212982178,"r":0.0}}}