{"Presets":{"Another Blue":{"a":1.0,"b":1.0,"g":0.012903213500976563,"r":0.0},"Blue":{"a":1.0,"b":0.4838709831237793,"g":0.38834547996520996,"r":0.3870967924594879},"EOEOOEOEOEOE":{"a":1.0,"b":0.35344865918159485,"g":0.35344865918159485,"r":0.415730357170105},"Eyooo":{"a":1.0,"b":0.2734082341194153,"g":0.2734082341194153,"r":0.2734082341194153},"Eyoooo":{"a":1.0,"b":0.0,"g":0.0,"r":1.0},"Preset0":{"a":1.0,"b":0.2734082341194153,"g":0.2734082341194153,"r":0.2734082341194153},"Preset1":{"a":1.0,"b":0.0,"g":0.0,"r":1.0},"Preset10 (blend)":{"a":1.0,"b":1.0,"g":0.012903213500976563,"r":0.0},"Preset11 (blend)":{"a":1.0,"b":1.0,"g":0.012903213500976563,"r":0.0},"Preset12 (blend)":{"a":1.0,"b":1.0,"g":0.012903213500976563,"r":0.0},"Preset13 (blend)":{"a":1.0,"b":1.0,"g":0.012903213500976563,"r":0.0},"Preset14 (blend)":{"a":1.0,"b":1.0,"g":0.012903213500976563,"r":0.0},"Preset15 (blend)":{"a":1.0,"b":1.0,"g":0.012903213500976563,"r":0.0},"Preset16 (blend)":{"a":1.0,"b":1.0,"g":0.012903213500976563,"r":0.0},"Preset17 (blend)":{"a":1.0,"b":1.0,"g":0.012903213500976563,"r":0.0},"Preset18 (blend)":{"a":1.0,"b":1.0,"g":0.012903213500976563,"r":0.0},"Preset19 (blend)":{"a":1.0,"b":1.0,"g":0.012903213500976563,"r":0.0},"Preset2":{"a":1.0,"b":1.0,"g":0.8645162582397461,"r":0.0},"Preset20 (blend)":{"a":1.0,"b":1.0,"g":0.012903213500976563,"r":0.0},"Preset3":{"a":1.0,"b":0.2734082341194153,"g":0.2734082341194153,"r":0.2734082341194153},"Preset3 (blend)":{"a":1.0,"b":1.0,"g":0.012903213500976563,"r":0.0},"Preset4":{"a":1.0,"b":0.0,"g":1.0,"r":0.2967742681503296},"Preset4 (blend)":{"a":1.0,"b":1.0,"g":0.012903213500976563,"r":0.0},"Preset5":{"a":1.0,"b":0.0,"g":1.0,"r":0.2967742681503296},"Preset5 (blend)":{"a":1.0,"b":1.0,"g":0.012903213500976563,"r":0.0},"Preset6 (blend)":{"a":1.0,"b":1.0,"g":0.012903213500976563,"r":0.0},"Preset7 (blend)":{"a":1.0,"b":1.0,"g":0.012903213500976563,"r":0.0},"Preset8 (blend)":{"a":1.0,"b":1.0,"g":0.012903213500976563,"r":0.0},"Preset9 (blend)":{"a":1.0,"b":1.0,"g":0.012903213500976563,"r":0.0},"Red":{"a":1.0,"b":0.20166492462158203,"g":0.20166492462158203,"r":0.6129032373428345},"eyoo":{"a":1.0,"b":0.2734082341194153,"g":0.2734082341194153,"r":0.2734082341194153},"siiiick":{"a":1.0,"b":0.2734082341194153,"g":0.2734082341194153,"r":0.2734082341194153}}}