{"Color":{"a":1.0,"b":0.08970849215984344,"g":0.08970849215984344,"r":0.6341463327407837}}