{"Color":{"a":1.0,"b":0.7484276294708252,"g":0.7026889324188232,"r":0.26359716057777405}}