{"Color":{"a":1.0,"b":0.6666666269302368,"g":0.4494854211807251,"r":0.21256035566329956}}