{"Color":{"a":1.0,"b":0.2734082341194153,"g":0.2734082341194153,"r":0.2734082341194153}}